"Category","Term","Count","List Total","Pop Hits","Pop Total","P-Value","Benjamini","Fold Enrichment","Bonferroni","FDR","Fisher Exact","User Ids"
"GOTERM_BP_DIRECT","response to oxidative stress","14","19","148","19512","1.33e-24","3.96e-22","97.14","3.96e-22","3.52e-22","1.25e-26","SLC23A2,GPX1,GPX4,TXNRD2,TXNRD1,GSS,SOD2,SOD1,PRDX2,GCLC,PRDX1,CAT,HMOX1,GCLM"
"GOTERM_BP_DIRECT","cell redox homeostasis","8","19","44","19512","5.60e-15","8.34e-13","186.72","1.65e-12","7.42e-13","2.52e-17","PRDX2,GCLC,GPX1,TXNRD2,TXNRD1,PRDX1,GSR,TXN"
"GOTERM_MF_DIRECT","oxidoreductase activity","13","19","625","19272","1.90e-14","1.43e-12","21.10","1.42e-12","1.12e-12","8.69e-16","GPX1,GPX4,TXNRD2,TXNRD1,GSR,CYBRD1,SOD2,SOD1,PRDX2,PRDX1,CAT,HMOX1,XDH"
"UP_KW_MOLECULAR_FUNCTION","Oxidoreductase","13","16","627","12059","1.39e-13","1.39e-12","15.63","1.39e-12","1.25e-12","8.74e-15","GPX1,GPX4,TXNRD2,TXNRD1,GSR,CYBRD1,SOD2,SOD1,PRDX2,PRDX1,CAT,HMOX1,XDH"
"UP_KW_DOMAIN","Redox-active center","6","12","53","14656","2.32e-10","1.39e-9","138.26","1.39e-9","1.39e-9","1.52e-12","PRDX2,TXNRD2,TXNRD1,PRDX1,GSR,TXN"
"GOTERM_BP_DIRECT","glutathione metabolic process","6","19","51","19512","8.33e-10","8.27e-8","120.82","2.48e-7","7.36e-8","6.22e-12","GCLC,GPX1,GSR,SOD2,GCLM,SOD1"
"GOTERM_BP_DIRECT","response to reactive oxygen species","5","19","20","19512","2.43e-9","1.81e-7","256.74","7.25e-7","1.61e-7","7.58e-12","GPX1,PRDX1,CAT,SOD2,SOD1"
"UP_KW_MOLECULAR_FUNCTION","Peroxidase","5","16","25","12059","1.93e-8","9.65e-8","150.74","1.93e-7","8.69e-8","1.08e-10","PRDX2,GPX1,GPX4,PRDX1,CAT"
"GOTERM_MF_DIRECT","peroxidase activity","5","19","34","19272","2.43e-8","9.10e-7","149.16","1.82e-6","7.16e-7","1.44e-10","PRDX2,GPX1,GPX4,PRDX1,CAT"
"KEGG_PATHWAY","Glutathione metabolism","6","17","59","9496","3.23e-8","1.26e-6","56.81","1.26e-6","1.07e-6","5.20e-10","GCLC,GPX1,GPX4,GSS,GSR,GCLM"
"GOTERM_BP_DIRECT","response to hydrogen peroxide","5","19","42","19512","5.55e-8","3.31e-6","122.26","1.65e-5","2.94e-6","4.11e-10","GPX1,CAT,HMOX1,SOD2,SOD1"
"INTERPRO","Thioredoxin-like_sf","6","19","133","20827","7.89e-8","6.39e-6","49.45","6.39e-6","6.39e-6","1.53e-9","PRDX2,GPX1,GPX4,TXNRD1,PRDX1,TXN"
"GOTERM_BP_DIRECT","response to xenobiotic stimulus","7","19","260","19512","8.58e-8","4.26e-6","27.65","2.56e-5","3.79e-6","3.02e-9","GCLC,GPX1,TXNRD2,CAT,SOD2,GCLM,SOD1"
"GOTERM_CC_DIRECT","extracellular exosome","12","19","2242","20808","3.43e-7","1.65e-5","5.86","1.65e-5","1.51e-5","5.80e-8","PRDX2,GPX4,TXNRD1,GSS,SLC23A1,PRDX1,GSR,CAT,CYBRD1,TXN,SOD2,SOD1"
"GOTERM_BP_DIRECT","removal of superoxide radicals","4","19","16","19512","3.66e-7","1.56e-5","256.74","1.09e-4","1.39e-5","1.16e-9","PRDX2,PRDX1,SOD2,SOD1"
"GOTERM_BP_DIRECT","cellular oxidant detoxification","5","19","74","19512","5.60e-7","2.09e-5","69.39","1.67e-4","1.86e-5","7.63e-9","GPX1,GPX4,TXNRD2,TXNRD1,GSR"
"KEGG_PATHWAY","Ferroptosis","5","17","42","9496","5.79e-7","1.13e-5","66.50","2.26e-5","9.55e-6","7.88e-9","GCLC,GPX4,GSS,HMOX1,GCLM"
"UP_SEQ_FEATURE","NON_STD:Selenocysteine","4","17","26","20669","9.79e-7","1.05e-4","187.05","1.05e-4","9.89e-5","4.63e-9","GPX1,GPX4,TXNRD2,TXNRD1"
"GOTERM_BP_DIRECT","response to cadmium ion","4","19","23","19512","1.15e-6","3.82e-5","178.60","3.44e-4","3.40e-5","5.62e-9","GCLC,GSS,CAT,SOD2"
"GOTERM_MF_DIRECT","antioxidant activity","4","19","27","19272","1.97e-6","4.93e-5","150.27","1.48e-4","3.88e-5","1.17e-8","PRDX2,PRDX1,CAT,SOD1"
"GOTERM_BP_DIRECT","hydrogen peroxide catabolic process","4","19","29","19512","2.37e-6","7.07e-5","141.65","7.07e-4","6.29e-5","1.50e-8","PRDX2,GPX1,PRDX1,CAT"
"GOTERM_BP_DIRECT","cellular response to oxidative stress","5","19","113","19512","3.07e-6","8.30e-5","45.44","9.13e-4","7.38e-5","6.49e-8","PRDX2,GPX1,GSR,SOD2,SOD1"
"INTERPRO","GSHR/TRXR-like","3","19","4","20827","4.23e-6","1.14e-4","822.12","3.42e-4","1.14e-4","2.57e-9","TXNRD2,TXNRD1,GSR"
"INTERPRO","Pyr_nuc-diS_OxRdtase","3","19","4","20827","4.23e-6","1.14e-4","822.12","3.42e-4","1.14e-4","2.57e-9","TXNRD2,TXNRD1,GSR"
"UP_SEQ_FEATURE","DOMAIN:Pyridine nucleotide-disulphide oxidoreductase dimerisation","3","17","5","20669","5.61e-6","3.00e-4","729.49","6.00e-4","2.83e-4","4.62e-9","TXNRD2,TXNRD1,GSR"
"INTERPRO","Pyr_OxRdtase_I_AS","3","19","5","20827","7.04e-6","1.14e-4","657.69","5.70e-4","1.14e-4","6.43e-9","TXNRD2,TXNRD1,GSR"
"INTERPRO","Pyr_nucl-diS_OxRdtase_dimer","3","19","5","20827","7.04e-6","1.14e-4","657.69","5.70e-4","1.14e-4","6.43e-9","TXNRD2,TXNRD1,GSR"
"GOTERM_MF_DIRECT","oxidoreductase activity, acting on a sulfur group of donors, NAD(P) as acceptor","3","19","5","19272","8.23e-6","1.54e-4","608.59","6.17e-4","1.21e-4","8.11e-9","TXNRD2,TXNRD1,GSR"
"UP_SEQ_FEATURE","DISULFID:Redox-active","4","17","53","20669","8.71e-6","3.11e-4","91.76","9.31e-4","2.93e-4","8.94e-8","TXNRD2,TXNRD1,GSR,TXN"
"KEGG_PATHWAY","Peroxisome","5","17","83","9496","9.12e-6","1.19e-4","33.65","3.56e-4","1.00e-4","2.57e-7","PRDX1,CAT,SOD2,XDH,SOD1"
"GOTERM_CC_DIRECT","cytosol","15","19","5677","20808","1.19e-5","2.85e-4","2.89","5.70e-4","2.61e-4","4.07e-6","GPX1,GPX4,TXNRD2,TXNRD1,GSS,GSR,TXN,SOD1,PRDX2,GCLC,PRDX1,CAT,HMOX1,GCLM,XDH"
"GOTERM_BP_DIRECT","response to activity","4","19","53","19512","1.50e-5","3.73e-4","77.51","4.46e-3","3.31e-4","1.82e-7","GCLC,CAT,SOD2,GCLM"
"GOTERM_MF_DIRECT","thioredoxin-disulfide reductase (NADPH) activity","3","19","7","19272","1.73e-5","2.59e-4","434.71","1.29e-3","2.04e-4","2.84e-8","TXNRD2,TXNRD1,TXN"
"INTERPRO","FAD/NAD-linked_Rdtase_dimer_sf","3","19","8","20827","1.97e-5","2.66e-4","411.06","1.59e-3","2.66e-4","3.59e-8","TXNRD2,TXNRD1,GSR"
"UP_SEQ_FEATURE","DOMAIN:FAD/NAD(P)-binding","3","17","10","20669","2.52e-5","6.74e-4","364.75","2.69e-3","6.36e-4","5.53e-8","TXNRD2,TXNRD1,GSR"
"UP_KW_BIOLOGICAL_PROCESS","Glutathione biosynthesis","3","12","9","11605","2.93e-5","3.81e-4","322.36","3.81e-4","3.81e-4","7.07e-8","GCLC,GSS,GCLM"
"GOTERM_MF_DIRECT","flavin adenine dinucleotide binding","4","19","67","19272","3.16e-5","3.95e-4","60.56","2.36e-3","3.10e-4","4.97e-7","TXNRD2,TXNRD1,GSR,XDH"
"GOTERM_MF_DIRECT","protein homodimerization activity","7","19","740","19272","3.92e-5","4.20e-4","9.59","2.94e-3","3.31e-4","4.02e-6","TXNRD2,GSS,CAT,HMOX1,TXN,XDH,SOD1"
"GOTERM_BP_DIRECT","L-ascorbic acid metabolic process","3","19","11","19512","4.40e-5","1.01e-3","280.08","1.30e-2","8.97e-4","1.29e-7","SLC23A2,GCLC,SLC23A1"
"GOTERM_BP_DIRECT","response to selenium ion","3","19","12","19512","5.28e-5","1.12e-3","256.74","1.56e-2","9.99e-4","1.71e-7","GPX1,TXNRD2,SOD2"
"INTERPRO","FAD/NAD-binding_dom","3","19","13","20827","5.47e-5","6.33e-4","252.96","4.42e-3","6.33e-4","1.83e-7","TXNRD2,TXNRD1,GSR"
"GOTERM_CC_DIRECT","mitochondrion","9","19","1832","20808","6.95e-5","1.11e-3","5.38","3.33e-3","1.02e-3","1.27e-5","GCLC,GPX1,GPX4,TXNRD2,TXNRD1,GSR,CAT,SOD2,SOD1"
"GOTERM_BP_DIRECT","response to hyperoxia","3","19","15","19512","8.38e-5","1.56e-3","205.39","2.47e-2","1.39e-3","3.54e-7","TXNRD2,CAT,SOD2"
"GOTERM_BP_DIRECT","glutathione biosynthetic process","3","19","15","19512","8.38e-5","1.56e-3","205.39","2.47e-2","1.39e-3","3.54e-7","GCLC,GSS,GCLM"
"GOTERM_MF_DIRECT","identical protein binding","9","19","1824","19272","1.16e-4","1.09e-3","5.00","8.69e-3","8.58e-4","2.29e-5","GPX4,TXNRD1,GSS,PRDX1,CAT,HMOX1,CYBRD1,SOD2,SOD1"
"UP_KW_MOLECULAR_FUNCTION","Antioxidant","3","16","15","12059","1.50e-4","5.01e-4","150.74","1.50e-3","4.51e-4","8.64e-7","PRDX2,PRDX1,SOD1"
"PIR_SUPERFAMILY","Mercury_reductase_MerA","3","13","4","1941","2.09e-4","1.88e-3","111.98","1.88e-3","1.88e-3","9.36e-7","TXNRD2,TXNRD1,GSR"
"GOTERM_BP_DIRECT","multicellular organismal-level iron ion homeostasis","3","19","29","19512","3.22e-4","5.64e-3","106.24","9.14e-2","5.01e-3","2.81e-6","HMOX1,CYBRD1,SOD2"
"GOTERM_BP_DIRECT","response to lipopolysaccharide","4","19","164","19512","4.34e-4","7.18e-3","25.05","1.21e-1","6.38e-3","1.69e-5","PRDX2,GPX1,GPX4,SOD2"
"GOTERM_BP_DIRECT","negative regulation of neuron apoptotic process","4","19","168","19512","4.65e-4","7.30e-3","24.45","1.29e-1","6.49e-3","1.86e-5","GCLC,SOD2,GCLM,SOD1"
"INTERPRO","Thioredoxin_domain","3","19","40","20827","5.40e-4","5.46e-3","82.21","4.28e-2","5.46e-3","6.23e-6","PRDX2,PRDX1,TXN"
"UP_SEQ_FEATURE","DOMAIN:Thioredoxin","3","17","45","20669","5.46e-4","1.17e-2","81.05","5.67e-2","1.10e-2","6.42e-6","PRDX2,PRDX1,TXN"
"GOTERM_CC_DIRECT","mitochondrial matrix","5","19","464","20808","5.83e-4","6.99e-3","11.80","2.76e-2","6.41e-3","4.85e-5","GPX1,TXNRD2,GSR,SOD2,SOD1"
"GOTERM_BP_DIRECT","negative regulation of extrinsic apoptotic signaling pathway","3","19","41","19512","6.45e-4","9.61e-3","75.14","1.75e-1","8.55e-3","8.15e-6","PRDX2,GCLC,GCLM"
"UP_KW_PTM","Acetylation","12","19","3543","14452","1.04e-3","1.04e-2","2.58","9.28e-3","1.04e-2","3.95e-4","PRDX2,GCLC,GPX1,TXNRD1,GSS,PRDX1,GSR,CAT,TXN,SOD2,GCLM,SOD1"
"UP_KW_LIGAND","FAD","4","14","118","7011","1.18e-3","1.48e-2","16.98","2.21e-2","1.40e-2","6.70e-5","TXNRD2,TXNRD1,GSR,XDH"
"INTERPRO","FAD/NAD-bd_sf","3","19","62","20827","1.29e-3","1.16e-2","53.04","9.95e-2","1.16e-2","2.35e-5","TXNRD2,TXNRD1,GSR"
"GOTERM_BP_DIRECT","negative regulation of apoptotic process","5","19","543","19512","1.33e-3","1.89e-2","9.46","3.27e-1","1.68e-2","1.38e-4","PRDX2,GCLC,CAT,SOD2,SOD1"
"UP_KW_DISEASE","Hereditary hemolytic anemia","3","8","43","4888","1.54e-3","9.26e-3","42.63","9.23e-3","9.26e-3","3.45e-5","GCLC,GSS,GSR"
"UP_KW_LIGAND","Flavoprotein","4","14","130","7011","1.56e-3","1.48e-2","15.41","2.91e-2","1.40e-2","9.78e-5","TXNRD2,TXNRD1,GSR,XDH"
"GOTERM_CC_DIRECT","glutamate-cysteine ligase complex","2","19","2","20808","1.73e-3","1.66e-2","1095.16","7.97e-2","1.52e-2","7.90e-7","GCLC,GCLM"
"GOTERM_BP_DIRECT","response to human chorionic gonadotropin","2","19","2","19512","1.84e-3","2.29e-2","1026.95","4.23e-1","2.04e-2","8.98e-7","GCLC,GCLM"
"GOTERM_BP_DIRECT","cellular detoxification of hydrogen peroxide","2","19","2","19512","1.84e-3","2.29e-2","1026.95","4.23e-1","2.04e-2","8.98e-7","CAT,TXN"
"GOTERM_BP_DIRECT","cellular response to thyroxine stimulus","2","19","2","19512","1.84e-3","2.29e-2","1026.95","4.23e-1","2.04e-2","8.98e-7","GCLC,GCLM"
"GOTERM_MF_DIRECT","L-ascorbate:sodium symporter activity","2","19","2","19272","1.87e-3","1.27e-2","1014.32","1.31e-1","1.00e-2","9.21e-7","SLC23A2,SLC23A1"
"GOTERM_MF_DIRECT","L-ascorbic acid transmembrane transporter activity","2","19","2","19272","1.87e-3","1.27e-2","1014.32","1.31e-1","1.00e-2","9.21e-7","SLC23A2,SLC23A1"
"GOTERM_MF_DIRECT","glutamate-cysteine ligase activity","2","19","2","19272","1.87e-3","1.27e-2","1014.32","1.31e-1","1.00e-2","9.21e-7","GCLC,GCLM"
"GOTERM_BP_DIRECT","intracellular iron ion homeostasis","3","19","73","19512","2.03e-3","2.42e-2","42.20","4.55e-1","2.15e-2","4.66e-5","HMOX1,CYBRD1,SOD1"
"KEGG_PATHWAY","Metabolic pathways","9","17","1583","9496","2.13e-3","2.08e-2","3.18","7.98e-2","1.76e-2","6.56e-4","GCLC,GPX1,GPX4,GSS,GSR,CAT,HMOX1,GCLM,XDH"
"GOTERM_BP_DIRECT","cellular response to glucose stimulus","3","19","77","19512","2.26e-3","2.59e-2","40.01","4.90e-1","2.30e-2","5.47e-5","GCLC,GPX1,GCLM"
"UP_SEQ_FEATURE","ACT_SITE:Cysteine sulfenic acid (-SOH) intermediate; for peroxidase activity","2","17","3","20669","2.32e-3","4.14e-2","810.55","2.20e-1","3.91e-2","1.91e-6","PRDX2,PRDX1"
"INTERPRO","NCS2","2","19","3","20827","2.59e-3","1.91e-2","730.77","1.90e-1","1.91e-2","2.36e-6","SLC23A2,SLC23A1"
"INTERPRO","Thioredoxin/glutathione_Rdtase","2","19","3","20827","2.59e-3","1.91e-2","730.77","1.90e-1","1.91e-2","2.36e-6","TXNRD2,TXNRD1"
"GOTERM_BP_DIRECT","response to toxic substance","3","19","84","19512","2.68e-3","2.94e-2","36.68","5.50e-1","2.62e-2","7.10e-5","GPX1,SLC23A1,CAT"
"GOTERM_BP_DIRECT","L-ascorbic acid transmembrane transport","2","19","3","19512","2.77e-3","2.94e-2","684.63","5.62e-1","2.62e-2","2.69e-6","SLC23A2,SLC23A1"
"GOTERM_BP_DIRECT","response to estradiol","3","19","87","19512","2.87e-3","2.95e-2","35.41","5.75e-1","2.62e-2","7.88e-5","GPX1,GPX4,CAT"
"KEGG_PATHWAY","Cysteine and methionine metabolism","3","17","52","9496","3.36e-3","2.62e-2","32.23","1.23e-1","2.22e-2","9.98e-5","GCLC,GSS,GCLM"
"UP_SEQ_FEATURE","BINDING:axial binding residue","3","17","114","20669","3.44e-3","5.17e-2","32.00","3.08e-1","4.88e-2","1.05e-4","CAT,HMOX1,CYBRD1"
"INTERPRO","Peroxiredoxin","2","19","4","20827","3.45e-3","2.15e-2","548.08","2.44e-1","2.15e-2","4.73e-6","PRDX2,PRDX1"
"INTERPRO","Peroxiredoxin_AhpC-typ","2","19","4","20827","3.45e-3","2.15e-2","548.08","2.44e-1","2.15e-2","4.73e-6","PRDX2,PRDX1"
"GOTERM_BP_DIRECT","response to nitrosative stress","2","19","4","19512","3.69e-3","3.66e-2","513.47","6.67e-1","3.26e-2","5.38e-6","GCLC,GCLM"
"GOTERM_MF_DIRECT","phospholipid-hydroperoxide glutathione peroxidase activity","2","19","4","19272","3.73e-3","2.33e-2","507.16","2.44e-1","1.83e-2","5.52e-6","GPX1,GPX4"
"UP_SEQ_FEATURE","CROSSLNK:Cysteinyl-selenocysteine (Cys-Sec)","2","17","5","20669","3.86e-3","5.17e-2","486.33","3.39e-1","4.88e-2","6.36e-6","TXNRD2,TXNRD1"
"INTERPRO","Peroxiredoxin_C","2","19","5","20827","4.31e-3","2.33e-2","438.46","2.95e-1","2.33e-2","7.87e-6","PRDX2,PRDX1"
"INTERPRO","AhpC/TSA","2","19","5","20827","4.31e-3","2.33e-2","438.46","2.95e-1","2.33e-2","7.87e-6","PRDX2,PRDX1"
"UP_KW_LIGAND","NADP","4","14","186","7011","4.32e-3","2.69e-2","10.77","7.89e-2","2.55e-2","3.90e-4","TXNRD2,TXNRD1,GSR,CAT"
"GOTERM_BP_DIRECT","regulation of mitochondrial depolarization","2","19","5","19512","4.60e-3","4.29e-2","410.78","7.47e-1","3.81e-2","8.97e-6","GCLC,GCLM"
"GOTERM_BP_DIRECT","response to L-ascorbic acid","2","19","5","19512","4.60e-3","4.29e-2","410.78","7.47e-1","3.81e-2","8.97e-6","CAT,SOD2"
"GOTERM_MF_DIRECT","superoxide dismutase activity","2","19","5","19272","4.66e-3","2.50e-2","405.73","2.96e-1","1.96e-2","9.19e-6","SOD2,SOD1"
"GOTERM_MF_DIRECT","thioredoxin-dependent peroxiredoxin activity","2","19","5","19272","4.66e-3","2.50e-2","405.73","2.96e-1","1.96e-2","9.19e-6","PRDX2,PRDX1"
"KEGG_PATHWAY","Longevity regulating pathway - multiple species","3","17","62","9496","4.75e-3","3.08e-2","27.03","1.69e-1","2.61e-2","1.69e-4","CAT,SOD2,SOD1"
"UP_KW_BIOLOGICAL_PROCESS","Electron transport","3","12","114","11605","4.97e-3","3.23e-2","25.45","6.27e-2","3.23e-2","1.90e-4","TXNRD1,CYBRD1,TXN"
"GOTERM_BP_DIRECT","cysteine metabolic process","2","19","6","19512","5.52e-3","4.57e-2","342.32","8.08e-1","4.07e-2","1.34e-5","GCLC,GCLM"
"GOTERM_BP_DIRECT","response to superoxide","2","19","6","19512","5.52e-3","4.57e-2","342.32","8.08e-1","4.07e-2","1.34e-5","SOD2,SOD1"
"GOTERM_BP_DIRECT","hydrogen peroxide metabolic process","2","19","6","19512","5.52e-3","4.57e-2","342.32","8.08e-1","4.07e-2","1.34e-5","PRDX2,SOD2"
"GOTERM_BP_DIRECT","response to vitamin E","2","19","6","19512","5.52e-3","4.57e-2","342.32","8.08e-1","4.07e-2","1.34e-5","GPX1,CAT"
"GOTERM_MF_DIRECT","thioredoxin peroxidase activity","2","19","6","19272","5.59e-3","2.62e-2","338.11","3.43e-1","2.06e-2","1.38e-5","PRDX2,PRDX1"
"GOTERM_MF_DIRECT","peroxiredoxin activity","2","19","6","19272","5.59e-3","2.62e-2","338.11","3.43e-1","2.06e-2","1.38e-5","PRDX2,PRDX1"
"UP_KW_LIGAND","NAD","4","14","205","7011","5.67e-3","2.69e-2","9.77","1.02e-1","2.55e-2","5.64e-4","TXNRD2,TXNRD1,GSR,XDH"
"GOTERM_CC_DIRECT","peroxisome","3","19","133","20808","5.80e-3","4.64e-2","24.70","2.44e-1","4.25e-2","2.30e-4","CAT,XDH,SOD1"
"KEGG_PATHWAY","Chemical carcinogenesis - reactive oxygen species","4","17","227","9496","6.00e-3","3.34e-2","9.84","2.09e-1","2.83e-2","5.92e-4","CAT,HMOX1,SOD2,SOD1"
"INTERPRO","GPX_AS","2","19","7","20827","6.04e-3","3.06e-2","313.19","3.88e-1","3.06e-2","1.65e-5","GPX1,GPX4"
"GOTERM_MF_DIRECT","enzyme binding","4","19","420","19272","6.57e-3","2.90e-2","9.66","3.90e-1","2.28e-2","6.65e-4","CAT,HMOX1,SOD2,SOD1"
"INTERPRO","GPX_CS","2","19","8","20827","6.89e-3","3.10e-2","274.04","4.29e-1","3.10e-2","2.20e-5","GPX1,GPX4"
"INTERPRO","Glutathione_peroxidase","2","19","8","20827","6.89e-3","3.10e-2","274.04","4.29e-1","3.10e-2","2.20e-5","GPX1,GPX4"
"UP_SEQ_FEATURE","ACT_SITE:Cysteine sulfenic acid (-SOH) intermediate","2","17","9","20669","6.95e-3","8.26e-2","270.18","5.26e-1","7.80e-2","2.28e-5","PRDX2,PRDX1"
"UP_KW_DOMAIN","Transit peptide","4","12","590","14656","8.41e-3","2.52e-2","8.28","4.94e-2","2.52e-2","9.94e-4","GPX4,TXNRD2,GSR,SOD2"
"UP_SEQ_FEATURE","TRANSIT:Mitochondrion","4","17","562","20669","8.60e-3","9.20e-2","8.65","6.03e-1","8.68e-2","9.71e-4","GPX4,TXNRD2,GSR,SOD2"
"GOTERM_BP_DIRECT","lipoxygenase pathway","2","19","11","19512","1.01e-2","8.14e-2","186.72","9.51e-1","7.24e-2","4.92e-5","GPX1,GPX4"
"GOTERM_CC_DIRECT","cytoplasm","13","19","7749","20808","1.08e-2","7.41e-2","1.84","4.06e-1","6.79e-2","5.75e-3","SLC23A2,GPX1,GPX4,TXNRD2,TXNRD1,SLC23A1,GSR,TXN,SOD1,PRDX2,PRDX1,CAT,XDH"
"GOTERM_BP_DIRECT","UV protection","2","19","12","19512","1.10e-2","8.42e-2","171.16","9.63e-1","7.49e-2","5.89e-5","GPX1,CAT"
"GOTERM_BP_DIRECT","hydrogen peroxide biosynthetic process","2","19","12","19512","1.10e-2","8.42e-2","171.16","9.63e-1","7.49e-2","5.89e-5","SOD2,SOD1"
"GOTERM_BP_DIRECT","cellular response to follicle-stimulating hormone stimulus","2","19","13","19512","1.19e-2","8.67e-2","157.99","9.72e-1","7.71e-2","6.96e-5","GCLC,GCLM"
"GOTERM_BP_DIRECT","erythrocyte homeostasis","2","19","13","19512","1.19e-2","8.67e-2","157.99","9.72e-1","7.71e-2","6.96e-5","PRDX1,HMOX1"
"GOTERM_BP_DIRECT","negative regulation of ferroptosis","2","19","14","19512","1.28e-2","8.90e-2","146.71","9.79e-1","7.91e-2","8.12e-5","GPX4,HMOX1"
"GOTERM_BP_DIRECT","leukocyte activation","2","19","14","19512","1.28e-2","8.90e-2","146.71","9.79e-1","7.91e-2","8.12e-5","PRDX2,PRDX1"
"COG_ONTOLOGY","Inorganic ion transport and metabolism","2","2","27","2025","1.33e-2","1.33e-2","75.00","2.65e-2","1.33e-2","1.71e-4","CAT,SOD2"
"GOTERM_BP_DIRECT","cellular response to hepatocyte growth factor stimulus","2","19","15","19512","1.38e-2","9.31e-2","136.93","9.84e-1","8.28e-2","9.36e-5","GCLC,GCLM"
"GOTERM_BP_DIRECT","cellular response to ethanol","2","19","16","19512","1.47e-2","9.71e-2","128.37","9.88e-1","8.64e-2","1.07e-4","SLC23A2,SOD2"
"GOTERM_BP_DIRECT","glutamate metabolic process","2","19","17","19512","1.56e-2","1.01e-1","120.82","9.91e-1","8.97e-2","1.21e-4","GCLC,GCLM"
"GOTERM_BP_DIRECT","positive regulation of phosphatidylinositol 3-kinase/protein kinase B signal transduction","3","19","217","19512","1.68e-2","1.06e-1","14.20","9.93e-1","9.41e-2","1.15e-3","GPX1,CAT,TXN"
"GOTERM_BP_DIRECT","negative regulation of oxidative stress-induced intrinsic apoptotic signaling pathway","2","19","19","19512","1.74e-2","1.06e-1","108.10","9.95e-1","9.41e-2","1.52e-4","GPX1,SOD2"
"GOTERM_BP_DIRECT","intrinsic apoptotic signaling pathway in response to oxidative stress","2","19","19","19512","1.74e-2","1.06e-1","108.10","9.95e-1","9.41e-2","1.52e-4","GPX1,SOD2"
"GOTERM_BP_DIRECT","apoptotic mitochondrial changes","2","19","20","19512","1.83e-2","1.09e-1","102.69","9.96e-1","9.70e-2","1.69e-4","SOD2,GCLM"
"GOTERM_BP_DIRECT","superoxide metabolic process","2","19","22","19512","2.01e-2","1.18e-1","93.36","9.98e-1","1.04e-1","2.05e-4","SOD2,SOD1"
"OMIM_DISEASE","Myocardial infarction, susceptibility to","2","14","10","6165","2.09e-2","3.55e-1","88.07","3.02e-1","3.55e-1","2.13e-4","GCLC,GCLM"
"GOTERM_BP_DIRECT","cellular response to cadmium ion","2","19","23","19512","2.10e-2","1.20e-1","89.30","9.98e-1","1.07e-1","2.25e-4","HMOX1,SOD1"
"GOTERM_MF_DIRECT","glutathione peroxidase activity","2","19","23","19272","2.13e-2","8.86e-2","88.20","8.01e-1","6.97e-2","2.30e-4","GPX1,GPX4"
"GOTERM_BP_DIRECT","heart contraction","2","19","24","19512","2.19e-2","1.23e-1","85.58","9.99e-1","1.10e-1","2.45e-4","GPX1,SOD1"
"UP_KW_CELLULAR_COMPONENT","Mitochondrion","5","16","1403","18195","2.41e-2","1.93e-1","4.05","1.78e-1","1.93e-1","5.75e-3","GPX1,GPX4,TXNRD2,GSR,SOD2"
"PIR_SUPERFAMILY","AHPC","2","13","4","1941","2.45e-2","1.10e-1","74.65","2.00e-1","1.10e-1","2.47e-4","PRDX2,PRDX1"
"GOTERM_BP_DIRECT","superoxide anion generation","2","19","28","19512","2.55e-2","1.38e-1","73.35","1.00e+0","1.23e-1","3.34e-4","SOD2,SOD1"
"GOTERM_BP_DIRECT","response to gamma radiation","2","19","28","19512","2.55e-2","1.38e-1","73.35","1.00e+0","1.23e-1","3.34e-4","GPX1,SOD2"
"UP_KW_LIGAND","Iron","4","14","357","7011","2.56e-2","8.69e-2","5.61","3.89e-1","8.24e-2","4.40e-3","CAT,HMOX1,CYBRD1,XDH"
"KEGG_PATHWAY","Biosynthesis of cofactors","3","17","154","9496","2.70e-2","1.23e-1","10.88","6.56e-1","1.04e-1","2.41e-3","GCLC,GSS,GCLM"
"GOTERM_BP_DIRECT","negative regulation of extrinsic apoptotic signaling pathway via death domain receptors","2","19","30","19512","2.73e-2","1.45e-1","68.46","1.00e+0","1.29e-1","3.84e-4","GPX1,HMOX1"
"UP_KW_LIGAND","Heme","3","14","142","7011","2.75e-2","8.69e-2","10.58","4.11e-1","8.24e-2","2.51e-3","CAT,HMOX1,CYBRD1"
"KEGG_PATHWAY","Selenocompound metabolism","2","17","17","9496","2.83e-2","1.23e-1","65.72","6.73e-1","1.04e-1","4.04e-4","TXNRD2,TXNRD1"
"UP_SEQ_FEATURE","ACT_SITE:Proton acceptor","4","17","909","20669","3.09e-2","3.01e-1","5.35","9.65e-1","2.84e-1","5.59e-3","TXNRD2,TXNRD1,GSR,XDH"
"GOTERM_BP_DIRECT","cellular response to fibroblast growth factor stimulus","2","19","35","19512","3.18e-2","1.66e-1","58.68","1.00e+0","1.48e-1","5.24e-4","GCLC,GCLM"
"KEGG_PATHWAY","Hepatocellular carcinoma","3","17","170","9496","3.24e-2","1.26e-1","9.86","7.24e-1","1.07e-1","3.19e-3","TXNRD2,TXNRD1,HMOX1"
"GOTERM_BP_DIRECT","regulation of mitochondrial membrane potential","2","19","36","19512","3.27e-2","1.68e-1","57.05","1.00e+0","1.49e-1","5.55e-4","SOD2,SOD1"
"GOTERM_BP_DIRECT","blood vessel diameter maintenance","2","19","37","19512","3.36e-2","1.70e-1","55.51","1.00e+0","1.51e-1","5.86e-4","GCLC,GCLM"
"UP_SEQ_FEATURE","INTRAMEM:Helical","2","17","45","20669","3.43e-2","3.06e-1","54.04","9.76e-1","2.89e-1","6.17e-4","SLC23A2,SLC23A1"
"GOTERM_BP_DIRECT","response to axon injury","2","19","38","19512","3.45e-2","1.71e-1","54.05","1.00e+0","1.52e-1","6.18e-4","SOD2,SOD1"
"GOTERM_BP_DIRECT","apoptotic process","4","19","800","19512","3.54e-2","1.73e-1","5.13","1.00e+0","1.54e-1","6.64e-3","GPX1,GPX4,HMOX1,SOD1"
"GOTERM_BP_DIRECT","response to nicotine","2","19","41","19512","3.72e-2","1.74e-1","50.09","1.00e+0","1.55e-1","7.20e-4","GPX1,HMOX1"
"GOTERM_MF_DIRECT","FAD binding","2","19","41","19272","3.76e-2","1.49e-1","49.48","9.44e-1","1.17e-1","7.38e-4","TXNRD1,XDH"
"GOTERM_BP_DIRECT","triglyceride metabolic process","2","19","42","19512","3.81e-2","1.74e-1","48.90","1.00e+0","1.55e-1","7.56e-4","GPX1,CAT"
"GOTERM_BP_DIRECT","response to heat","2","19","42","19512","3.81e-2","1.74e-1","48.90","1.00e+0","1.55e-1","7.56e-4","GCLC,SOD1"
"GOTERM_BP_DIRECT","fibroblast proliferation","2","19","42","19512","3.81e-2","1.74e-1","48.90","1.00e+0","1.55e-1","7.56e-4","GPX1,PRDX1"
"GOTERM_BP_DIRECT","arachidonate metabolic process","2","19","43","19512","3.90e-2","1.76e-1","47.76","1.00e+0","1.56e-1","7.92e-4","GPX1,GPX4"
"GOTERM_MF_DIRECT","NADP binding","2","19","44","19272","4.03e-2","1.51e-1","46.11","9.54e-1","1.19e-1","8.50e-4","GSR,CAT"
"GOTERM_BP_DIRECT","thymus development","2","19","51","19512","4.60e-2","2.05e-1","40.27","1.00e+0","1.82e-1","1.11e-3","PRDX2,SOD1"
"GOTERM_MF_DIRECT","protein-containing complex binding","3","19","377","19272","4.75e-2","1.70e-1","8.07","9.74e-1","1.33e-1","5.70e-3","GCLC,TXNRD2,GCLM"
"GOTERM_CC_DIRECT","apical plasma membrane","3","19","411","20808","4.83e-2","2.90e-1","7.99","9.07e-1","2.66e-1","5.86e-3","SLC23A2,SLC23A1,CYBRD1"
"PIR_SUPERFAMILY","Glutathion_perox","2","13","8","1941","4.85e-2","1.45e-1","37.33","3.61e-1","1.45e-1","1.13e-3","GPX1,GPX4"
"GOTERM_BP_DIRECT","vasodilation","2","19","54","19512","4.87e-2","2.13e-1","38.04","1.00e+0","1.90e-1","1.25e-3","GPX1,SOD2"
"GOTERM_BP_DIRECT","response to hormone","2","19","58","19512","5.22e-2","2.25e-1","35.41","1.00e+0","2.00e-1","1.44e-3","GCLC,GPX1"
"GOTERM_BP_DIRECT","response to nutrient","2","19","66","19512","5.92e-2","2.52e-1","31.12","1.00e+0","2.24e-1","1.86e-3","GCLC,GCLM"
"GOTERM_CC_DIRECT","basal plasma membrane","2","19","73","20808","6.13e-2","3.27e-1","30.00","9.52e-1","3.00e-1","2.00e-3","SLC23A2,SLC23A1"
"GOTERM_BP_DIRECT","response to nutrient levels","2","19","81","19512","7.22e-2","3.03e-1","25.36","1.00e+0","2.69e-1","2.78e-3","SOD2,SOD1"
"GOTERM_CC_DIRECT","extracellular space","5","19","1895","20808","7.48e-2","3.59e-1","2.89","9.76e-1","3.29e-1","2.45e-2","PRDX1,CAT,HMOX1,XDH,SOD1"
"GOTERM_MF_DIRECT","protein binding","17","19","13741","19272","7.48e-2","2.55e-1","1.25","9.97e-1","2.01e-1","5.87e-2","SLC23A2,GPX1,GPX4,TXNRD2,TXNRD1,SLC23A1,GSS,CYBRD1,TXN,SOD2,SOD1,PRDX2,GCLC,PRDX1,HMOX1,GCLM,XDH"
"GOTERM_BP_DIRECT","regulation of blood pressure","2","19","87","19512","7.73e-2","3.20e-1","23.61","1.00e+0","2.85e-1","3.20e-3","SOD2,SOD1"
"UP_KW_CELLULAR_COMPONENT","Cytoplasm","9","16","5979","18195","8.18e-2","2.34e-1","1.71","4.95e-1","2.34e-1","4.57e-2","PRDX2,GPX1,GPX4,TXNRD1,PRDX1,GSR,TXN,XDH,SOD1"
"UP_KW_CELLULAR_COMPONENT","Peroxisome","2","16","111","18195","8.77e-2","2.34e-1","20.49","5.20e-1","2.34e-1","4.19e-3","CAT,XDH"
"GOTERM_BP_DIRECT","locomotory behavior","2","19","102","19512","9.01e-2","3.68e-1","20.14","1.00e+0","3.27e-1","4.37e-3","SOD2,SOD1"
"KEGG_PATHWAY","Huntington disease","3","17","311","9496","9.49e-2","3.19e-1","5.39","9.80e-1","2.70e-1","1.68e-2","GPX1,SOD2,SOD1"
"GOTERM_BP_DIRECT","transmembrane transport","3","19","569","19512","9.55e-2","3.85e-1","5.41","1.00e+0","3.42e-1","1.69e-2","SLC23A2,SLC23A1,CYBRD1"
"KEGG_PATHWAY","Mineral absorption","2","17","61","9496","9.80e-2","3.19e-1","18.31","9.82e-1","2.70e-1","5.19e-3","HMOX1,CYBRD1"
"GOTERM_BP_DIRECT","response to ethanol","2","19","112","19512","9.85e-2","3.91e-1","18.34","1.00e+0","3.48e-1","5.24e-3","CAT,SOD1"

